model,se_type,term,estimate,std_error,statistic,p_value,pr,conf_low,conf_high
M0,Clustered_HC1_municipality,(Intercept),-1.2577417808419964,0.02593949192149498,-48.48752568664454,0,0.2842953032558664,0.27020261242725485,0.29912301264335395
M0,Clustered_HC1_municipality,raceBlack,0.2096963825704527,0.05454364282603054,3.844561377011231,1.2076825642437923e-4,1.2333035506519434,1.108259584174594,1.372456119279604
M0,Clustered_HC1_municipality,raceBrown,0.2603901405759619,0.03304567801974409,7.879703373626781,3.281591691135381e-15,1.2974361704322528,1.2160654567474491,1.3842516510980076
M0,Clustered_HC1_municipality,raceYellow,0.39754051573054977,0.16129913458577957,2.464616544604807,0.013715994970687772,1.48816008663849,1.0847984527925498,2.041504057977661
M0,Clustered_HC1_municipality,raceIndigenous,0.8796756469219705,0.06740853609757909,13.049914711818868,6.361858201488214e-39,2.410117850482157,2.1118300971243986,2.7505375840235367
M1,Clustered_HC1_municipality,(Intercept),-1.2237687953404064,0.03853006893582788,-31.76139646618859,2.2102839856540403e-221,0.2941195989128616,0.27272597827824424,0.3171914131935239
M1,Clustered_HC1_municipality,raceBlack,0.1671671814135428,0.05335086537897414,3.1333546368195235,0.0017282049675538922,1.1819518491726106,1.0646003657053158,1.3122390511645285
M1,Clustered_HC1_municipality,raceBrown,0.13033060816074762,0.03177014036511361,4.102298783163767,4.090655568118469e-5,1.1392049515266705,1.0704307451696295,1.2123978383834864
M1,Clustered_HC1_municipality,raceYellow,0.3285996567669411,0.15264623496706387,2.1526875971611243,0.031343238902256966,1.3890216588385487,1.0298498719516993,1.8734586673940792
M1,Clustered_HC1_municipality,raceIndigenous,0.5651148293844905,0.07732469108406063,7.308336075602904,2.704706333242735e-13,1.7596498306280446,1.5121892493815194,2.0476058322036814
M1,Clustered_HC1_municipality,regionSouth,-0.09450090686093482,0.05329077832829629,-1.773306936497807,0.0761778602880478,0.9098269095391741,0.8195901896376782,1.009998674688321
M1,Clustered_HC1_municipality,regionNortheast,0.07634170441186745,0.03973855771601404,1.9210990232064435,0.0547192247441538,1.0793313234271515,0.998455325528058,1.166758367596357
M1,Clustered_HC1_municipality,regionNorth,0.360082223957256,0.0493580991082328,7.295301692386189,2.9799058621383114e-13,1.4334472734222015,1.3012695302930115,1.5790511019026654
M1,Clustered_HC1_municipality,regionCentral-West,0.10950191083819356,0.0515053786603336,2.1260286534409167,0.033500873784153805,1.1157222028977096,1.0085880360612398,1.2342363676058254
M1,Clustered_HC1_municipality,age_group<20,0.3080712653452516,0.03508112280825382,8.78168201824969,1.6104785666689288e-18,1.3607979632183227,1.2703751678994795,1.457656874512884
M1,Clustered_HC1_municipality,age_group>=35,-0.14204044003849767,0.03466595658411292,-4.0974043134754705,4.1780878406557713e-5,0.8675861705583433,0.8105958252947586,0.9285833208805175
M1,Clustered_HC1_municipality,year2020,-0.021717373491330915,0.03630068107208388,-0.5982635270177371,0.5496641090383891,0.9785167507469744,0.9113149628372224,1.0506741033982592
M1,Clustered_HC1_municipality,year2021,-0.030689042795646198,0.04424626204830996,-0.6935962807917783,0.4879354268048437,0.9697770853661989,0.8892190117276219,1.0576332522110266
M1,Clustered_HC1_municipality,year2022,0.016373367873602687,0.03673539230971397,0.4457109845339276,0.655806028895328,1.0165081460474699,0.9458909408843684,1.0923974068456375
M1,Clustered_HC1_municipality,year2023,-0.15354936044135878,0.041550510727503376,-3.695486716116835,2.194659554667388e-4,0.8576584287554099,0.7905800507669918,0.9304282086318366
M2,Clustered_HC1_municipality,(Intercept),-1.1680757584066772,0.041619637074974736,-28.06549601339565,2.584649774384066e-173,0.3109647372105161,0.28660502027700663,0.3373948847614208
M2,Clustered_HC1_municipality,raceBlack,0.10854379053299795,0.0530508280084234,2.04603386238879,0.040753039180026804,1.1146537187500731,1.0045745993141988,1.2367950708404956
M2,Clustered_HC1_municipality,raceBrown,0.0685650851571865,0.031514159080896255,2.175691408461232,0.029578343062019664,1.0709703269547437,1.0068204876617992,1.1392074905837948
M2,Clustered_HC1_municipality,raceYellow,0.3148915669838383,0.15197641529736766,2.071976539041926,0.03826762917511601,1.3701107376622568,1.0171634205539861,1.8455278626073837
M2,Clustered_HC1_municipality,raceIndigenous,0.43773488507585956,0.07595727810722007,5.762909045502658,8.267635548888956e-9,1.5491941384849242,1.334902986583332,1.797885316639244
M2,Clustered_HC1_municipality,regionSouth,-0.12316286811985906,0.05180136884869139,-2.377598717122905,0.017425777936560524,0.884119655928003,0.7987609607040972,0.9786001124907516
M2,Clustered_HC1_municipality,regionNortheast,0.04748828642564046,0.04067950506004104,1.1673762096060407,0.24305847430376332,1.0486339177979724,0.9682707373245276,1.1356669691317642
M2,Clustered_HC1_municipality,regionNorth,0.33390993776049427,0.05152154887655798,6.480976310718435,9.113098113436095e-11,1.3964173734350838,1.262290214922813,1.5447964800634826
M2,Clustered_HC1_municipality,regionCentral-West,0.11803113013308981,0.05248085481777646,2.2490321574013308,0.024510450218368104,1.1252791409115221,1.0152842826331534,1.247190729365502
M2,Clustered_HC1_municipality,age_group<20,0.2579705666588893,0.03441715590369643,7.495406284607702,6.609331399893977e-14,1.2943007224689276,1.2098700305702703,1.3846234040477707
M2,Clustered_HC1_municipality,age_group>=35,-0.12385644933107978,0.03414443963445204,-3.627426622228339,2.862600908727234e-4,0.8835066597520692,0.8263147283176226,0.9446570308815966
M2,Clustered_HC1_municipality,year2020,-0.016475676137774793,0.03600137557570785,-0.4576401838626371,0.6472109688001291,0.983659305493107,0.916641921330517,1.0555764544116846
M2,Clustered_HC1_municipality,year2021,-0.02335346294296813,0.04455310584098093,-0.5241713793494301,0.6001593455246175,0.9769171187401764,0.8952273681085119,1.0660610822299255
M2,Clustered_HC1_municipality,year2022,0.03439119532814867,0.036688851763140844,0.9373745341002877,0.3485659355730746,1.0349894105663673,0.9631761613839346,1.1121569687162562
M2,Clustered_HC1_municipality,year2023,-0.1373382828432903,0.04138093212280108,-3.3188784253512815,9.037976888985034e-4,0.8716753034512029,0.8037677579483288,0.9453201215562974
M2,Clustered_HC1_municipality,education<=7 years,0.23021062746150098,0.03099715673613526,7.426830448391756,1.1123079075613885e-13,1.2588651335747945,1.1846604580751472,1.3377178361344102
M2,Clustered_HC1_municipality,education>=12 years,-0.2877363456728196,0.0485251457734401,-5.929633823589873,3.036109829044611e-9,0.7499592961887944,0.6819181579204829,0.8247895138254653
